Pathway,n_STIM1_genes,mean_STIM1_r,stdev_STIM1_r,p_value,n_TRPC6_genes,mean_TRPC6_r
Drug Resistance / ABC Transporters,4,0.15085,0.19401912921152906,0.2707881320786218,4,0.055625
TNFα/NF-κB Signaling (Hallmark),2,0.13419999999999999,0.11839999999999999,0.46023157071302456,2,0.12195
IL-6/JAK/STAT3 Signaling (Hallmark),7,0.07894285714285716,0.15285512148196184,0.2527628598826459,7,0.11661428571428571
Hypoxia (Hallmark),3,0.05833333333333334,0.12956137112924088,0.5894555563660311,3,0.2576333333333333
PI3K/AKT/mTOR Signaling (Hallmark),6,0.0070999999999999995,0.17025701160304677,0.9293279213336461,6,0.10901666666666666
EMT (Hallmark),9,-0.030455555555555555,0.16813583867490473,0.6222601415946367,9,0.3021111111111111
Calcium Signaling (KEGG/Literature),9,-0.03934444444444445,0.17023819333256507,0.5316476776827681,9,0.17686666666666667
Apoptosis (Hallmark),6,-0.10116666666666667,0.15561732622758373,0.2057794916371924,6,0.026049999999999993
