covariate,HR,CI_lower,CI_upper,p_value
STIM1_log2,0.9005343036831182,0.5904102925255355,1.3735567322870885,0.626690589597975
TRPC6_log2,0.8447450828617744,0.6901436229926954,1.0339793504499266,0.1018471426836198
stage,1.3210983035536,0.8787699401381365,1.986072404090029,0.1806713650706845
age,1.0139838139030346,0.9945427806316849,1.033804874843398,0.15973942069532387
sex_male,0.7553728541020097,0.4595616706859593,1.2415921194266146,0.268515827853319
