gene,n_tumor,n_normal,median_tumor,median_normal,log2FC,p_value,significant
STIM1,247,241,5.511,5.37,0.03158576603163388,0.00010952800427092895,True
TRPC6,247,241,3.2915,3.2785,0.004376907798592455,0.4612610722193,False
TRPC1,247,241,3.644666666666667,3.3906666666666667,0.08113505135861399,1.82822042750083e-12,True
