group,count,mean,std
Low,187,-0.8299006591010811,0.7239338731231227
High,186,0.8343624906016246,0.6828586200586749
