gene,count,mean,std,min,25%,50%,75%,max
STIM1,21.0,4.191924910432008,0.3819564778359165,3.3320341651057737,3.826130232591889,4.239713813902547,4.547703038112906,4.717258543135615
TRPC6,21.0,1.9258705713313007,0.4334927029260873,1.3679139376706095,1.5944196978102911,2.030994235400243,2.1687886824165226,3.007906180478754
TRPC1,21.0,3.035621288173718,0.3112744104930469,2.376852091353678,2.8618509382828816,3.0966743236562913,3.1656477594759935,3.647976524493758
ORAI1,21.0,3.870912506071566,0.2764355770082746,3.3542117441980728,3.7105538885386555,3.809652183549722,4.136213379170897,4.250349870128005
