,VIM,CDH1,CDH2,FN1,ZEB1,ZEB2,SNAI1,SNAI2,TWIST1,TWIST2,MMP2,MMP9,RELA,RELB,NFKB1,TNF,IL6,IL6R,STAT3,MAP3K7,ABCC2,ABCB1
STIM1,-0.17992966686568487,0.026331221520237192,0.1748348156414453,0.23878071351503338,0.13963633773778708,0.003017184168015165,-0.14115071075406016,0.10205380926749416,-0.2312405036622417,-0.08660893446674159,-0.059538283877072405,-0.22571858144246743,0.2548956402983701,-0.10509064270555028,0.01888052477915682,-0.09182503475633191,-0.13201800675880296,0.4148198129660298,-0.025434714544501844,0.08589586644844031,0.3683431986869421,0.14547531056324314
TRPC6,0.4801543740419981,0.13044629671969807,0.11570595745406714,0.11054635889363507,0.3962314096025408,0.4516043101482327,0.30100394577600664,0.13471968599818662,0.3811909092700162,0.20766605143617053,0.3874826608132848,0.08309432546480996,0.001653231296007221,-0.03232119790186856,0.24964104740105514,0.09958458515066879,0.20633496159107179,0.08430103747519022,0.12025231461342069,0.11918561680679345,-0.026525812300612395,-0.0008343042892501646
TRPC1,0.24820363310781526,0.09590612875939805,0.011515154598315388,-0.043735758673363906,0.13461386378551166,0.23597002424754226,0.16307778683714094,-0.12426230241711797,0.33441881653178224,0.13563056057480494,0.2421757394159223,0.3234394604586545,0.012561965812954006,0.16565931994962724,0.12362130546399842,0.20848385933033747,0.12946348664217952,-0.16497416385751895,0.03651306190083527,0.27108016950618347,-0.21224253461969095,-0.1894811543920517
ORAI1,0.145344430256752,-0.3520132212233285,-0.23455438955436408,-0.15455623020319745,-0.17445813009502462,-0.08592268997415228,0.04793340920999629,0.02972532419036454,0.09522320210209738,0.251089765203227,0.09453789771079704,0.18390139856938115,0.1098277698412001,0.22463500349862017,0.008684810161121518,0.07122494740811046,0.04073560889043169,-0.321277160554063,-0.01120344673055907,-0.29486708711772425,-0.12475066839138851,0.057499233448381586
